"glucose","time"
3.49285714285714,-0.166666666666667
3.46428571428571,0
4.83571428571429,0.333333333333333
6.23571428571429,0.666666666666667
6.84285714285714,1
5.55,1.33333333333333
4.28571428571429,1.66666666666667
3.97142857142857,2
4.05,2.5
3.99285714285714,3
3.53571428571429,3.5
3.46428571428571,4
3.53571428571429,4.5
3.62142857142857,5
